{"id":659516486,"items":[{"id":60571,"status":2,"title":"Page 1","order":null,"templateKey":null,"pageLinks":[]},{"id":164415022,"status":2,"title":"Blog Template","order":1,"templateKey":"blog","pageLinks":[]},{"id":78087058,"status":2,"title":"Post Template","order":2,"templateKey":"post","pageLinks":[]},{"id":951903476,"status":2,"title":"Page 2","order":3,"templateKey":null,"pageLinks":["60571"]}],"metaTags":null,"order":"65536","headHtml":null,"customCss":null,"headerHtml":"<section class=\"u-clearfix u-header u-block-a2ae-1\" custom-posts-hash=\"[]\" data-style=\"header-imglogo-menu\" data-post-id=\"1098461796\" data-section-properties=\"{&quot;grid-spacing&quot;:&quot;0&quot;,&quot;align&quot;:&quot;left&quot;,&quot;stretch&quot;:true}\" id=\"sec-087c\" data-source=\"\" data-id=\"a2ae\">\n  <div class=\"u-clearfix u-sheet u-block-a2ae-2\" data-state=\"{&quot;margin-top&quot;:{&quot;shouldApplyDefaultMargins&quot;:{&quot;XL&quot;:false,&quot;LG&quot;:false,&quot;MD&quot;:false,&quot;SM&quot;:false,&quot;XS&quot;:false},&quot;parentVerticalAlign&quot;:{&quot;XL&quot;:&quot;&quot;,&quot;LG&quot;:&quot;&quot;,&quot;MD&quot;:&quot;&quot;,&quot;SM&quot;:&quot;&quot;,&quot;XS&quot;:&quot;&quot;}},&quot;margin-bottom&quot;:{&quot;shouldApplyDefaultMargins&quot;:{&quot;XL&quot;:false,&quot;LG&quot;:false,&quot;MD&quot;:false,&quot;SM&quot;:false,&quot;XS&quot;:false},&quot;parentVerticalAlign&quot;:{&quot;XL&quot;:&quot;&quot;,&quot;LG&quot;:&quot;&quot;,&quot;MD&quot;:&quot;&quot;,&quot;SM&quot;:&quot;&quot;,&quot;XS&quot;:&quot;&quot;}}}\">\n    <a href=\"#\" class=\"u-image u-logo u-block-a2ae-8\" data-brightness=\"\" data-state=\"{&quot;margin-top&quot;:{&quot;shouldApplyDefaultMargins&quot;:{&quot;XL&quot;:false,&quot;LG&quot;:false,&quot;MD&quot;:false,&quot;SM&quot;:false,&quot;XS&quot;:false},&quot;parentVerticalAlign&quot;:{&quot;XL&quot;:&quot;&quot;,&quot;LG&quot;:&quot;&quot;,&quot;MD&quot;:&quot;&quot;,&quot;SM&quot;:&quot;&quot;,&quot;XS&quot;:&quot;&quot;}},&quot;margin-bottom&quot;:{&quot;shouldApplyDefaultMargins&quot;:{&quot;XL&quot;:false,&quot;LG&quot;:false,&quot;MD&quot;:false,&quot;SM&quot;:false,&quot;XS&quot;:false},&quot;parentVerticalAlign&quot;:{&quot;XL&quot;:&quot;&quot;,&quot;LG&quot;:&quot;&quot;,&quot;MD&quot;:&quot;&quot;,&quot;SM&quot;:&quot;&quot;,&quot;XS&quot;:&quot;&quot;}}}\">\n      <img src=\"np://user.desktop.nicepage.com/Site_659516486/images/default-logo.png\" class=\"u-logo-image u-block-a2ae-10\">\n    </a>\n    <nav class=\"u-menu u-menu-dropdown u-offcanvas u-block-a2ae-11\" data-state=\"{&quot;margin-top&quot;:{&quot;shouldApplyDefaultMargins&quot;:{&quot;XL&quot;:false,&quot;LG&quot;:false,&quot;MD&quot;:false,&quot;SM&quot;:false,&quot;XS&quot;:false},&quot;parentVerticalAlign&quot;:{&quot;XL&quot;:&quot;&quot;,&quot;LG&quot;:&quot;&quot;,&quot;MD&quot;:&quot;&quot;,&quot;SM&quot;:&quot;&quot;,&quot;XS&quot;:&quot;&quot;}},&quot;margin-bottom&quot;:{&quot;shouldApplyDefaultMargins&quot;:{&quot;XL&quot;:false,&quot;LG&quot;:false,&quot;MD&quot;:false,&quot;SM&quot;:false,&quot;XS&quot;:false},&quot;parentVerticalAlign&quot;:{&quot;XL&quot;:&quot;&quot;,&quot;LG&quot;:&quot;&quot;,&quot;MD&quot;:&quot;&quot;,&quot;SM&quot;:&quot;&quot;,&quot;XS&quot;:&quot;&quot;}}}\">\n      <div class=\"menu-collapse\" style=\"font-size: 1rem; letter-spacing: 0px;\">\n        <a class=\"u-button-style u-custom-left-right-menu-spacing u-custom-padding-bottom u-custom-top-bottom-menu-spacing u-nav-link u-text-active-palette-1-base u-text-hover-palette-2-base\" href=\"#\">\n          <svg><use xmlns:xlink=\"http://www.w3.org/1999/xlink\" xlink:href=\"#menu-hamburger\"></use></svg>\n          <svg version=\"1.1\" xmlns=\"http://www.w3.org/2000/svg\" xmlns:xlink=\"http://www.w3.org/1999/xlink\"><defs><symbol id=\"menu-hamburger\" viewBox=\"0 0 16 16\" style=\"width: 16px; height: 16px;\"><rect y=\"1\" width=\"16\" height=\"2\"></rect><rect y=\"7\" width=\"16\" height=\"2\"></rect><rect y=\"13\" width=\"16\" height=\"2\"></rect>\n</symbol>\n</defs></svg>\n        </a>\n      </div>\n      <div class=\"u-nav-container\">\n        <ul class=\"u-nav u-unstyled u-block-a2ae-18\">\n          \n        <li class=\"u-nav-item\">\n            <a class=\"u-button-style u-nav-link u-text-active-palette-1-base u-text-hover-palette-2-base\" href=\"Page-1.html\" data-page-id=\"60571\" style=\"padding: 10px 20px;\">Page 1</a>\n            \n          <div class=\"fake u-hidden u-nav-popup\">\n              <ul class=\"u-h-spacing-20 u-nav u-unstyled u-v-spacing-10 u-block-a2ae-19\">\n                <li class=\"u-nav-item\">\n                  <a class=\"u-button-style u-nav-link u-white\" href=\"#\">Menu Item1</a>\n                </li>\n                <li class=\"u-nav-item\">\n                  <a class=\"u-button-style u-nav-link u-white\" href=\"#\">Menu Item2</a>\n                </li>\n                <li class=\"u-nav-item\">\n                  <a class=\"u-button-style u-nav-link u-white\" href=\"#\">Menu Item3</a>\n                </li>\n              </ul>\n            </div></li><li class=\"u-nav-item\">\n            <a class=\"u-button-style u-nav-link u-text-active-palette-1-base u-text-hover-palette-2-base\" href=\"Page-2.html\" data-page-id=\"951903476\" style=\"padding: 10px 20px;\">Page 2</a>\n            \n          </li></ul>\n      </div>\n      <div class=\"u-nav-container-collapse\">\n        <div class=\"u-black u-container-style u-inner-container-layout u-opacity u-opacity-95 u-sidenav u-block-a2ae-14\">\n          <div class=\"u-menu-close u-block-a2ae-15\"></div>\n          <ul class=\"u-align-center u-nav u-popupmenu-items u-unstyled u-block-a2ae-16\">\n            \n          <li class=\"u-nav-item\">\n              <a class=\"u-button-style u-nav-link\" href=\"Page-1.html\" data-page-id=\"60571\">Page 1</a>\n              \n            <div class=\"fake u-hidden u-nav-popup\">\n                <ul class=\"u-h-spacing-20 u-nav u-unstyled u-v-spacing-10 u-block-a2ae-17\">\n                  <li class=\"u-nav-item\">\n                    <a class=\"u-button-style u-nav-link u-white\">Menu Item 1</a>\n                  </li>\n                  <li class=\"u-nav-item\">\n                    <a class=\"u-button-style u-nav-link u-white\">Menu Item 2</a>\n                  </li>\n                  <li class=\"u-nav-item\">\n                    <a class=\"u-button-style u-nav-link u-white\">Menu Item 3</a>\n                  </li>\n                </ul>\n              </div></li><li class=\"u-nav-item\">\n              <a class=\"u-button-style u-nav-link\" href=\"Page-2.html\" data-page-id=\"951903476\">Page 2</a>\n              \n            </li></ul>\n        </div>\n        <div class=\"u-black u-menu-overlay u-opacity u-opacity-70\"></div>\n      </div>\n    </nav>\n  </div>\n  <style data-mode=\"XL\" data-visited=\"true\">@media (min-width: 1200px){ .u-block-a2ae-1 {background-image: none}\n.u-block-a2ae-2 {min-height: 10px}\n.u-block-a2ae-8 {width: 64px; height: 32px; margin-top: 38px; margin-right: auto; margin-bottom: 0px; margin-left: 0px}\n.u-block-a2ae-10 {max-width: 64px; max-height: 64px}\n.u-block-a2ae-11 {margin-top: -32px; margin-right: 0px; margin-bottom: 0px; margin-left: auto}\n.u-block-a2ae-18 {font-size: 1rem; letter-spacing: 0px}\n.u-block-a2ae-19 {box-shadow: 2px 2px 8px 0 rgba(var(--grey-50-r),var(--grey-50-g),var(--grey-50-b),1)}\n.u-block-a2ae-16 {font-size: 1.25rem}\n.u-block-a2ae-17 {box-shadow: 2px 2px 8px 0 rgba(var(--grey-50-r),var(--grey-50-g),var(--grey-50-b),1)} }</style>\n  <style data-mode=\"LG\" data-visited=\"true\">@media (max-width: 1199px) and (min-width: 992px){ .u-block-a2ae-1 {background-image: none}\n.u-block-a2ae-2 {min-height: 10px}\n.u-block-a2ae-8 {margin-top: 38px; margin-right: auto; margin-bottom: 0px; margin-left: 0px; width: 64px; height: 32px}\n.u-block-a2ae-10 {max-width: 64px; max-height: 64px}\n.u-block-a2ae-11 {width: auto; margin-top: -32px; margin-right: 0px; margin-bottom: 0px; margin-left: auto}\n.u-block-a2ae-18 {font-size: 1rem; letter-spacing: 0px}\n.u-block-a2ae-19 {box-shadow: 2px 2px 8px 0 rgba(var(--grey-50-r),var(--grey-50-g),var(--grey-50-b),1)}\n.u-block-a2ae-16 {font-size: 1.25rem}\n.u-block-a2ae-17 {box-shadow: 2px 2px 8px 0 rgba(var(--grey-50-r),var(--grey-50-g),var(--grey-50-b),1)} }</style>\n  <style data-mode=\"MD\" data-visited=\"true\">@media (max-width: 991px) and (min-width: 768px){ .u-block-a2ae-1 {background-image: none}\n.u-block-a2ae-2 {min-height: 10px}\n.u-block-a2ae-8 {margin-top: 38px; margin-right: auto; margin-bottom: 0px; margin-left: 0px; width: 64px; height: 32px}\n.u-block-a2ae-10 {max-width: 64px; max-height: 64px}\n.u-block-a2ae-11 {width: auto; margin-top: -32px; margin-right: 0px; margin-bottom: 0px; margin-left: auto}\n.u-block-a2ae-18 {font-size: 1rem; letter-spacing: 0px}\n.u-block-a2ae-19 {box-shadow: 2px 2px 8px 0 rgba(var(--grey-50-r),var(--grey-50-g),var(--grey-50-b),1)}\n.u-block-a2ae-16 {font-size: 1.25rem}\n.u-block-a2ae-17 {box-shadow: 2px 2px 8px 0 rgba(var(--grey-50-r),var(--grey-50-g),var(--grey-50-b),1)} }</style>\n  <style data-mode=\"SM\" data-visited=\"true\">@media (max-width: 767px) and (min-width: 576px){ .u-block-a2ae-1 {background-image: none}\n.u-block-a2ae-2 {min-height: 10px}\n.u-block-a2ae-8 {width: auto; margin-top: 38px; margin-right: auto; margin-bottom: 0px; margin-left: 0px; height: 32px}\n.u-block-a2ae-10 {max-width: 64px; max-height: 64px}\n.u-block-a2ae-11 {width: auto; margin-top: -32px; margin-right: 0px; margin-bottom: 0px; margin-left: auto}\n.u-block-a2ae-18 {font-size: 1rem; letter-spacing: 0px}\n.u-block-a2ae-19 {box-shadow: 2px 2px 8px 0 rgba(var(--grey-50-r),var(--grey-50-g),var(--grey-50-b),1)}\n.u-block-a2ae-16 {font-size: 1.25rem}\n.u-block-a2ae-17 {box-shadow: 2px 2px 8px 0 rgba(var(--grey-50-r),var(--grey-50-g),var(--grey-50-b),1)} }</style>\n  <style data-mode=\"XS\" data-visited=\"true\">@media (max-width: 575px){ .u-block-a2ae-1 {background-image: none}\n.u-block-a2ae-2 {min-height: 10px}\n.u-block-a2ae-8 {width: auto; margin-top: 38px; margin-right: auto; margin-bottom: 0px; margin-left: 0px; height: 32px}\n.u-block-a2ae-10 {max-width: 64px; max-height: 64px}\n.u-block-a2ae-11 {width: auto; margin-top: -32px; margin-right: 0px; margin-bottom: 0px; margin-left: auto}\n.u-block-a2ae-18 {font-size: 1rem; letter-spacing: 0px}\n.u-block-a2ae-19 {box-shadow: 2px 2px 8px 0 rgba(var(--grey-50-r),var(--grey-50-g),var(--grey-50-b),1)}\n.u-block-a2ae-16 {font-size: 1.25rem}\n.u-block-a2ae-17 {box-shadow: 2px 2px 8px 0 rgba(var(--grey-50-r),var(--grey-50-g),var(--grey-50-b),1)} }</style>\n</section>","footerHtml":"<section class=\"u-align-center u-clearfix u-footer u-grey-80 u-block-d64b-1\" custom-posts-hash=\"T\" data-state=\"{&quot;min-height&quot;:{&quot;canCollapse&quot;:{&quot;XL&quot;:null,&quot;LG&quot;:null,&quot;MD&quot;:null,&quot;SM&quot;:null,&quot;XS&quot;:null}}}\" data-style=\"footer-1-text\" data-post-id=\"post11\" data-section-properties=\"{&quot;grid-spacing&quot;:&quot;30&quot;,&quot;spacingAdditional&quot;:&quot;none&quot;,&quot;align&quot;:&quot;&quot;,&quot;stretch&quot;:true}\" id=\"sec-429f\" data-source=\"\" data-id=\"d64b\">\n  <div class=\"u-clearfix u-sheet u-block-d64b-2\" data-state=\"{&quot;margin-top&quot;:{&quot;shouldApplyDefaultMargins&quot;:{&quot;XL&quot;:false,&quot;LG&quot;:false,&quot;MD&quot;:false,&quot;SM&quot;:false,&quot;XS&quot;:false},&quot;parentVerticalAlign&quot;:{&quot;XL&quot;:&quot;&quot;,&quot;LG&quot;:&quot;&quot;,&quot;MD&quot;:&quot;&quot;,&quot;SM&quot;:&quot;&quot;,&quot;XS&quot;:&quot;&quot;}},&quot;margin-bottom&quot;:{&quot;shouldApplyDefaultMargins&quot;:{&quot;XL&quot;:false,&quot;LG&quot;:false,&quot;MD&quot;:false,&quot;SM&quot;:false,&quot;XS&quot;:false},&quot;parentVerticalAlign&quot;:{&quot;XL&quot;:&quot;&quot;,&quot;LG&quot;:&quot;&quot;,&quot;MD&quot;:&quot;&quot;,&quot;SM&quot;:&quot;&quot;,&quot;XS&quot;:&quot;&quot;}}}\">\n    <p class=\"u-small-text u-text u-text-variant u-block-d64b-6\" data-state=\"{&quot;margin-top&quot;:{&quot;shouldApplyDefaultMargins&quot;:{&quot;XL&quot;:false,&quot;LG&quot;:false,&quot;MD&quot;:false,&quot;SM&quot;:false,&quot;XS&quot;:false},&quot;parentVerticalAlign&quot;:{&quot;XL&quot;:&quot;&quot;,&quot;LG&quot;:&quot;&quot;,&quot;MD&quot;:&quot;&quot;,&quot;SM&quot;:&quot;&quot;,&quot;XS&quot;:&quot;&quot;}},&quot;margin-bottom&quot;:{&quot;shouldApplyDefaultMargins&quot;:{&quot;XL&quot;:false,&quot;LG&quot;:false,&quot;MD&quot;:false,&quot;SM&quot;:false,&quot;XS&quot;:false},&quot;parentVerticalAlign&quot;:{&quot;XL&quot;:&quot;&quot;,&quot;LG&quot;:&quot;&quot;,&quot;MD&quot;:&quot;&quot;,&quot;SM&quot;:&quot;&quot;,&quot;XS&quot;:&quot;&quot;}}}\"> Exemple de texte. Lorem ipsum dolor sit amet, consectetur adipiscing elit nullam nunc justo sagittis suscipit ultrices.</p>\n  </div>\n  <style data-mode=\"XL\">@media (min-width: 1200px){ .u-block-d64b-1 {background-image: none}\n.u-block-d64b-2 {min-height: 120px}\n.u-block-d64b-6 {width: 417px; margin-top: 49px; margin-bottom: 49px; margin-left: auto; margin-right: auto} }</style>\n  <style data-mode=\"LG\">@media (max-width: 1199px) and (min-width: 992px){ .u-block-d64b-1 {background-image: none}\n.u-block-d64b-2 {min-height: 99px}\n.u-block-d64b-6 {width: 417px; margin-top: 49px; margin-bottom: 49px; margin-left: auto; margin-right: auto} }</style>\n  <style data-mode=\"MD\">@media (max-width: 991px) and (min-width: 768px){ .u-block-d64b-1 {background-image: none}\n.u-block-d64b-2 {min-height: 76px}\n.u-block-d64b-6 {width: 417px; margin-top: 49px; margin-bottom: 49px; margin-left: auto; margin-right: auto} }</style>\n  <style data-mode=\"SM\">@media (max-width: 767px) and (min-width: 576px){ .u-block-d64b-1 {background-image: none}\n.u-block-d64b-2 {min-height: 57px}\n.u-block-d64b-6 {width: 417px; margin-top: 49px; margin-bottom: 49px; margin-left: auto; margin-right: auto} }</style>\n  <style data-mode=\"XS\">@media (max-width: 575px){ .u-block-d64b-1 {background-image: none}\n.u-block-d64b-2 {min-height: 36px}\n.u-block-d64b-6 {width: 340px; margin-top: 49px; margin-bottom: 49px; margin-left: auto; margin-right: auto} }</style>\n</section>","hideBacklink":null,"homePageId":60571,"dateUpdated":1580392215827,"settings":"{\"colorScheme\":{\"bodyColors\":[\"#111111\",\"#ffffff\"],\"bgColor\":\"#ffffff\",\"colors\":[\"#478ac9\",\"#db545a\",\"#f1c50e\",\"#2cccc4\",\"#b9c1cc\"],\"customColors\":[{\"color\":\"#221e1d\",\"status\":0},{\"color\":\"#7170df\",\"status\":0},{\"color\":\"#221333\",\"status\":0},{\"color\":\"#ba291b\",\"status\":0}],\"shadingContrast\":\"body-alt-color\",\"whiteContrast\":\"body-color\",\"bgContrast\":\"body-color\",\"name\":\"u14\"},\"fontScheme\":{\"name\":\"Roboto-OpenSans\",\"default\":true,\"isDefault\":true,\"fonts\":{\"heading\":\"Roboto, sans-serif\",\"text\":\"Open Sans, sans-serif\",\"accent\":\"Arial, sans-serif\",\"headingTitle\":\"Roboto\",\"textTitle\":\"Open Sans\"}},\"typography\":{\"name\":\"Normal\",\"isDefault\":true,\"title\":{\"font-weight\":\"400\",\"font-size\":4.5,\"line-height\":\"1_1\",\"margin-top\":20,\"margin-bottom\":20},\"subtitle\":{\"font-weight\":\"400\",\"font-size\":2.25,\"line-height\":\"1_1\",\"margin-top\":20,\"margin-bottom\":20},\"h1\":{\"font-weight\":\"400\",\"font-size\":3,\"line-height\":\"1_1\",\"margin-top\":20,\"margin-bottom\":20},\"h2\":{\"font-weight\":\"400\",\"font-size\":2.25,\"line-height\":\"1_1\",\"margin-top\":20,\"margin-bottom\":20},\"h3\":{\"font-weight\":\"400\",\"font-size\":1.875,\"line-height\":\"1_2\",\"margin-top\":20,\"margin-bottom\":20},\"h4\":{\"font-weight\":\"400\",\"font-size\":1.5,\"line-height\":\"1_2\",\"margin-top\":20,\"margin-bottom\":20},\"h5\":{\"font-weight\":\"400\",\"font-size\":1.25,\"line-height\":\"1_2\",\"margin-top\":20,\"margin-bottom\":20},\"h6\":{\"font-weight\":\"400\",\"font-size\":1.125,\"line-height\":\"1_2\",\"margin-top\":20,\"margin-bottom\":20},\"largeText\":{\"font-size\":1.25,\"margin-top\":20,\"margin-bottom\":20},\"smallText\":{\"font-size\":0.875,\"margin-top\":20,\"margin-bottom\":20},\"text\":{\"margin-top\":20,\"margin-bottom\":20},\"link\":{\"text-color\":\"palette-1-base\",\"margin-top\":20,\"margin-bottom\":20},\"button\":{\"color\":\"palette-1-base\",\"margin-top\":20,\"margin-bottom\":20},\"blockquote\":{\"font-style\":\"italic\",\"indent\":20,\"border\":4,\"border-color\":\"palette-1-base\",\"margin-top\":20,\"margin-bottom\":20},\"metadata\":{\"margin-top\":20,\"margin-bottom\":20},\"list\":{\"margin-top\":20,\"margin-bottom\":20},\"orderedlist\":{\"margin-top\":20,\"margin-bottom\":20},\"postContent\":{\"margin-top\":20,\"margin-bottom\":20},\"theme\":{\"gradient\":\"\",\"image\":\"\"},\"htmlBaseSize\":16},\"id\":659516486}","title":"WebSite60570","siteStyleCss":"<style id=\"color-scheme\" color-scheme=\"u14\" color-style=\"multicolor-1\">.u-body {\n--custom-color-1: #221e1d;\n--custom-color-1-r: 34;\n--custom-color-1-g: 30;\n--custom-color-1-b: 29;\n--custom-color-1-contrast: white;\n--custom-color-1-darker: #1f1b1a;\n--custom-color-1-contrast-darker: white;\n--custom-color-1-text-color: var(--body-alt-color);\n--custom-color-2: #7170df;\n--custom-color-2-r: 113;\n--custom-color-2-g: 112;\n--custom-color-2-b: 223;\n--custom-color-2-contrast: white;\n--custom-color-2-darker: #5655d9;\n--custom-color-2-contrast-darker: white;\n--custom-color-2-text-color: var(--body-alt-color);\n--custom-color-3: #221333;\n--custom-color-3-r: 34;\n--custom-color-3-g: 19;\n--custom-color-3-b: 51;\n--custom-color-3-contrast: white;\n--custom-color-3-darker: #1f112e;\n--custom-color-3-contrast-darker: white;\n--custom-color-3-text-color: var(--body-alt-color);\n--custom-color-4: #ba291b;\n--custom-color-4-r: 186;\n--custom-color-4-g: 41;\n--custom-color-4-b: 27;\n--custom-color-4-contrast: white;\n--custom-color-4-darker: #a72518;\n--custom-color-4-contrast-darker: white;\n--custom-color-4-text-color: var(--body-alt-color);\n--body-color: #111111;\n--body-color-r: 17;\n--body-color-g: 17;\n--body-color-b: 17;\n--body-color-contrast: white;\n--body-color-darker: #0f0f0f;\n--body-color-contrast-darker: white;\n--body-color-text-color: var(--body-alt-color);\n--body-alt-color: #ffffff;\n--body-alt-color-r: 255;\n--body-alt-color-g: 255;\n--body-alt-color-b: 255;\n--body-alt-color-contrast: black;\n--body-alt-color-darker: #e6e6e6;\n--body-alt-color-contrast-darker: black;\n--body-alt-color-text-color: var(--body-color);\n--bg-color: #ffffff;\n--bg-color-r: 255;\n--bg-color-g: 255;\n--bg-color-b: 255;\n--bg-color-contrast: black;\n--bg-color-darker: #e6e6e6;\n--bg-color-contrast-darker: black;\n--bg-color-text-color: var(--body-color);\n--palette-1-base: #478ac9;\n--palette-1-base-r: 71;\n--palette-1-base-g: 138;\n--palette-1-base-b: 201;\n--palette-1-base-contrast: white;\n--palette-1-base-darker: #387cbd;\n--palette-1-base-contrast-darker: white;\n--palette-1-base-text-color: var(--body-alt-color);\n--palette-1-dark-3: #292e33;\n--palette-1-dark-3-r: 41;\n--palette-1-dark-3-g: 46;\n--palette-1-dark-3-b: 51;\n--palette-1-dark-3-contrast: white;\n--palette-1-dark-3-darker: #25292e;\n--palette-1-dark-3-contrast-darker: white;\n--palette-1-dark-3-text-color: var(--body-alt-color);\n--palette-1-dark-2: #425465;\n--palette-1-dark-2-r: 66;\n--palette-1-dark-2-g: 84;\n--palette-1-dark-2-b: 101;\n--palette-1-dark-2-contrast: white;\n--palette-1-dark-2-darker: #3b4c5b;\n--palette-1-dark-2-contrast-darker: white;\n--palette-1-dark-2-text-color: var(--body-alt-color);\n--palette-1-dark-1: #4c7397;\n--palette-1-dark-1-r: 76;\n--palette-1-dark-1-g: 115;\n--palette-1-dark-1-b: 151;\n--palette-1-dark-1-contrast: white;\n--palette-1-dark-1-darker: #446888;\n--palette-1-dark-1-contrast-darker: white;\n--palette-1-dark-1-text-color: var(--body-alt-color);\n--palette-1: #478ac9;\n--palette-1-r: 71;\n--palette-1-g: 138;\n--palette-1-b: 201;\n--palette-1-contrast: white;\n--palette-1-darker: #387cbd;\n--palette-1-contrast-darker: white;\n--palette-1-text-color: var(--body-alt-color);\n--palette-1-light-1: #77aad9;\n--palette-1-light-1-r: 119;\n--palette-1-light-1-g: 170;\n--palette-1-light-1-b: 217;\n--palette-1-light-1-contrast: white;\n--palette-1-light-1-darker: #5d9ad2;\n--palette-1-light-1-contrast-darker: white;\n--palette-1-light-1-text-color: var(--body-alt-color);\n--palette-1-light-2: #adcce9;\n--palette-1-light-2-r: 173;\n--palette-1-light-2-g: 204;\n--palette-1-light-2-b: 233;\n--palette-1-light-2-contrast: black;\n--palette-1-light-2-darker: #8db8e0;\n--palette-1-light-2-contrast-darker: white;\n--palette-1-light-2-text-color: var(--body-color);\n--palette-1-light-3: #e9f2fa;\n--palette-1-light-3-r: 233;\n--palette-1-light-3-g: 242;\n--palette-1-light-3-b: 250;\n--palette-1-light-3-contrast: black;\n--palette-1-light-3-darker: #c2dbf1;\n--palette-1-light-3-contrast-darker: black;\n--palette-1-light-3-text-color: var(--body-color);\n--palette-2-base: #db545a;\n--palette-2-base-r: 219;\n--palette-2-base-g: 84;\n--palette-2-base-b: 90;\n--palette-2-base-contrast: white;\n--palette-2-base-darker: #d63b42;\n--palette-2-base-contrast-darker: white;\n--palette-2-base-text-color: var(--body-alt-color);\n--palette-2-dark-3: #332929;\n--palette-2-dark-3-r: 51;\n--palette-2-dark-3-g: 41;\n--palette-2-dark-3-b: 41;\n--palette-2-dark-3-contrast: white;\n--palette-2-dark-3-darker: #2e2525;\n--palette-2-dark-3-contrast-darker: white;\n--palette-2-dark-3-text-color: var(--body-alt-color);\n--palette-2-dark-2: #6b4748;\n--palette-2-dark-2-r: 107;\n--palette-2-dark-2-g: 71;\n--palette-2-dark-2-b: 72;\n--palette-2-dark-2-contrast: white;\n--palette-2-dark-2-darker: #604041;\n--palette-2-dark-2-contrast-darker: white;\n--palette-2-dark-2-text-color: var(--body-alt-color);\n--palette-2-dark-1: #a35559;\n--palette-2-dark-1-r: 163;\n--palette-2-dark-1-g: 85;\n--palette-2-dark-1-b: 89;\n--palette-2-dark-1-contrast: white;\n--palette-2-dark-1-darker: #934c50;\n--palette-2-dark-1-contrast-darker: white;\n--palette-2-dark-1-text-color: var(--body-alt-color);\n--palette-2: #db545a;\n--palette-2-r: 219;\n--palette-2-g: 84;\n--palette-2-b: 90;\n--palette-2-contrast: white;\n--palette-2-darker: #d63b42;\n--palette-2-contrast-darker: white;\n--palette-2-text-color: var(--body-alt-color);\n--palette-2-light-1: #e68387;\n--palette-2-light-1-r: 230;\n--palette-2-light-1-g: 131;\n--palette-2-light-1-b: 135;\n--palette-2-light-1-contrast: white;\n--palette-2-light-1-darker: #e0656a;\n--palette-2-light-1-contrast-darker: white;\n--palette-2-light-1-text-color: var(--body-alt-color);\n--palette-2-light-2: #f1b5b8;\n--palette-2-light-2-r: 241;\n--palette-2-light-2-g: 181;\n--palette-2-light-2-b: 184;\n--palette-2-light-2-contrast: black;\n--palette-2-light-2-darker: #ea9296;\n--palette-2-light-2-contrast-darker: white;\n--palette-2-light-2-text-color: var(--body-color);\n--palette-2-light-3: #fbeced;\n--palette-2-light-3-r: 251;\n--palette-2-light-3-g: 236;\n--palette-2-light-3-b: 237;\n--palette-2-light-3-contrast: black;\n--palette-2-light-3-darker: #f3c4c7;\n--palette-2-light-3-contrast-darker: black;\n--palette-2-light-3-text-color: var(--body-color);\n--palette-3-base: #f1c50e;\n--palette-3-base-r: 241;\n--palette-3-base-g: 197;\n--palette-3-base-b: 14;\n--palette-3-base-contrast: black;\n--palette-3-base-darker: #d9b10d;\n--palette-3-base-contrast-darker: white;\n--palette-3-base-text-color: var(--body-color);\n--palette-3-dark-3: #333129;\n--palette-3-dark-3-r: 51;\n--palette-3-dark-3-g: 49;\n--palette-3-dark-3-b: 41;\n--palette-3-dark-3-contrast: white;\n--palette-3-dark-3-darker: #2e2c25;\n--palette-3-dark-3-contrast-darker: white;\n--palette-3-dark-3-text-color: var(--body-alt-color);\n--palette-3-dark-2: #72683f;\n--palette-3-dark-2-r: 114;\n--palette-3-dark-2-g: 104;\n--palette-3-dark-2-b: 63;\n--palette-3-dark-2-contrast: white;\n--palette-3-dark-2-darker: #675e39;\n--palette-3-dark-2-contrast-darker: white;\n--palette-3-dark-2-text-color: var(--body-alt-color);\n--palette-3-dark-1: #b29a36;\n--palette-3-dark-1-r: 178;\n--palette-3-dark-1-g: 154;\n--palette-3-dark-1-b: 54;\n--palette-3-dark-1-contrast: white;\n--palette-3-dark-1-darker: #a08b31;\n--palette-3-dark-1-contrast-darker: white;\n--palette-3-dark-1-text-color: var(--body-alt-color);\n--palette-3: #f1c50e;\n--palette-3-r: 241;\n--palette-3-g: 197;\n--palette-3-b: 14;\n--palette-3-contrast: black;\n--palette-3-darker: #d9b10d;\n--palette-3-contrast-darker: white;\n--palette-3-text-color: var(--body-color);\n--palette-3-light-1: #f5d654;\n--palette-3-light-1-r: 245;\n--palette-3-light-1-g: 214;\n--palette-3-light-1-b: 84;\n--palette-3-light-1-contrast: black;\n--palette-3-light-1-darker: #f3cf35;\n--palette-3-light-1-contrast-darker: black;\n--palette-3-light-1-text-color: var(--body-color);\n--palette-3-light-2: #f9e79b;\n--palette-3-light-2-r: 249;\n--palette-3-light-2-g: 231;\n--palette-3-light-2-b: 155;\n--palette-3-light-2-contrast: black;\n--palette-3-light-2-darker: #f7de75;\n--palette-3-light-2-contrast-darker: black;\n--palette-3-light-2-text-color: var(--body-color);\n--palette-3-light-3: #fef9e6;\n--palette-3-light-3-r: 254;\n--palette-3-light-3-g: 249;\n--palette-3-light-3-b: 230;\n--palette-3-light-3-contrast: black;\n--palette-3-light-3-darker: #fceeb7;\n--palette-3-light-3-contrast-darker: black;\n--palette-3-light-3-text-color: var(--body-color);\n--palette-4-base: #2cccc4;\n--palette-4-base-r: 44;\n--palette-4-base-g: 204;\n--palette-4-base-b: 196;\n--palette-4-base-contrast: white;\n--palette-4-base-darker: #28b8b0;\n--palette-4-base-contrast-darker: white;\n--palette-4-base-text-color: var(--body-alt-color);\n--palette-4-dark-3: #293332;\n--palette-4-dark-3-r: 41;\n--palette-4-dark-3-g: 51;\n--palette-4-dark-3-b: 50;\n--palette-4-dark-3-contrast: white;\n--palette-4-dark-3-darker: #252e2d;\n--palette-4-dark-3-contrast-darker: white;\n--palette-4-dark-3-text-color: var(--body-alt-color);\n--palette-4-dark-2: #41807c;\n--palette-4-dark-2-r: 65;\n--palette-4-dark-2-g: 128;\n--palette-4-dark-2-b: 124;\n--palette-4-dark-2-contrast: white;\n--palette-4-dark-2-darker: #3a7370;\n--palette-4-dark-2-contrast-darker: white;\n--palette-4-dark-2-text-color: var(--body-alt-color);\n--palette-4-dark-1: #2cccc4;\n--palette-4-dark-1-r: 44;\n--palette-4-dark-1-g: 204;\n--palette-4-dark-1-b: 196;\n--palette-4-dark-1-contrast: white;\n--palette-4-dark-1-darker: #28b8b0;\n--palette-4-dark-1-contrast-darker: white;\n--palette-4-dark-1-text-color: var(--body-alt-color);\n--palette-4: #3be8e0;\n--palette-4-r: 59;\n--palette-4-g: 232;\n--palette-4-b: 224;\n--palette-4-contrast: black;\n--palette-4-darker: #21e5dc;\n--palette-4-contrast-darker: black;\n--palette-4-text-color: var(--body-color);\n--palette-4-light-1: #72efe9;\n--palette-4-light-1-r: 114;\n--palette-4-light-1-g: 239;\n--palette-4-light-1-b: 233;\n--palette-4-light-1-contrast: black;\n--palette-4-light-1-darker: #52ebe4;\n--palette-4-light-1-contrast-darker: black;\n--palette-4-light-1-text-color: var(--body-color);\n--palette-4-light-2: #adf6f2;\n--palette-4-light-2-r: 173;\n--palette-4-light-2-g: 246;\n--palette-4-light-2-b: 242;\n--palette-4-light-2-contrast: black;\n--palette-4-light-2-darker: #87f2ec;\n--palette-4-light-2-contrast-darker: black;\n--palette-4-light-2-text-color: var(--body-color);\n--palette-4-light-3: #eafdfc;\n--palette-4-light-3-r: 234;\n--palette-4-light-3-g: 253;\n--palette-4-light-3-b: 252;\n--palette-4-light-3-contrast: black;\n--palette-4-light-3-darker: #bef9f6;\n--palette-4-light-3-contrast-darker: black;\n--palette-4-light-3-text-color: var(--body-color);\n--palette-5-base: #b9c1cc;\n--palette-5-base-r: 185;\n--palette-5-base-g: 193;\n--palette-5-base-b: 204;\n--palette-5-base-contrast: black;\n--palette-5-base-darker: #a2adbc;\n--palette-5-base-contrast-darker: white;\n--palette-5-base-text-color: var(--body-color);\n--palette-5-dark-3: #292d33;\n--palette-5-dark-3-r: 41;\n--palette-5-dark-3-g: 45;\n--palette-5-dark-3-b: 51;\n--palette-5-dark-3-contrast: white;\n--palette-5-dark-3-darker: #25292e;\n--palette-5-dark-3-contrast-darker: white;\n--palette-5-dark-3-text-color: var(--body-alt-color);\n--palette-5-dark-2: #555c66;\n--palette-5-dark-2-r: 85;\n--palette-5-dark-2-g: 92;\n--palette-5-dark-2-b: 102;\n--palette-5-dark-2-contrast: white;\n--palette-5-dark-2-darker: #4d535c;\n--palette-5-dark-2-contrast-darker: white;\n--palette-5-dark-2-text-color: var(--body-alt-color);\n--palette-5-dark-1: #858e99;\n--palette-5-dark-1-r: 133;\n--palette-5-dark-1-g: 142;\n--palette-5-dark-1-b: 153;\n--palette-5-dark-1-contrast: white;\n--palette-5-dark-1-darker: #75808c;\n--palette-5-dark-1-contrast-darker: white;\n--palette-5-dark-1-text-color: var(--body-alt-color);\n--palette-5: #b9c1cc;\n--palette-5-r: 185;\n--palette-5-g: 193;\n--palette-5-b: 204;\n--palette-5-contrast: black;\n--palette-5-darker: #a2adbc;\n--palette-5-contrast-darker: white;\n--palette-5-text-color: var(--body-color);\n--palette-5-light-1: #ccd3db;\n--palette-5-light-1-r: 204;\n--palette-5-light-1-g: 211;\n--palette-5-light-1-b: 219;\n--palette-5-light-1-contrast: black;\n--palette-5-light-1-darker: #b3bec9;\n--palette-5-light-1-contrast-darker: black;\n--palette-5-light-1-text-color: var(--body-color);\n--palette-5-light-2: #e0e5eb;\n--palette-5-light-2-r: 224;\n--palette-5-light-2-g: 229;\n--palette-5-light-2-b: 235;\n--palette-5-light-2-contrast: black;\n--palette-5-light-2-darker: #c4ced9;\n--palette-5-light-2-contrast-darker: black;\n--palette-5-light-2-text-color: var(--body-color);\n--palette-5-light-3: #f5f7fa;\n--palette-5-light-3-r: 245;\n--palette-5-light-3-g: 247;\n--palette-5-light-3-b: 250;\n--palette-5-light-3-contrast: black;\n--palette-5-light-3-darker: #d4dde9;\n--palette-5-light-3-contrast-darker: black;\n--palette-5-light-3-text-color: var(--body-color);\n--grey-40: #999999;\n--grey-40-r: 153;\n--grey-40-g: 153;\n--grey-40-b: 153;\n--grey-40-contrast: white;\n--grey-40-darker: #8a8a8a;\n--grey-40-contrast-darker: white;\n--grey-40-text-color: var(--body-alt-color);\n--grey-30: #b3b3b3;\n--grey-30-r: 179;\n--grey-30-g: 179;\n--grey-30-b: 179;\n--grey-30-contrast: white;\n--grey-30-darker: #a1a1a1;\n--grey-30-contrast-darker: white;\n--grey-30-text-color: var(--body-alt-color);\n--grey-25: #c0c0c0;\n--grey-25-r: 192;\n--grey-25-g: 192;\n--grey-25-b: 192;\n--grey-25-contrast: black;\n--grey-25-darker: #adadad;\n--grey-25-contrast-darker: white;\n--grey-25-text-color: var(--body-color);\n--white: #ffffff;\n--white-r: 255;\n--white-g: 255;\n--white-b: 255;\n--white-contrast: black;\n--white-darker: #e6e6e6;\n--white-contrast-darker: black;\n--white-text-color: var(--body-color);\n--grey-15: #d9d9d9;\n--grey-15-r: 217;\n--grey-15-g: 217;\n--grey-15-b: 217;\n--grey-15-contrast: black;\n--grey-15-darker: #c3c3c3;\n--grey-15-contrast-darker: black;\n--grey-15-text-color: var(--body-color);\n--grey-10: #e5e5e5;\n--grey-10-r: 229;\n--grey-10-g: 229;\n--grey-10-b: 229;\n--grey-10-contrast: black;\n--grey-10-darker: #cecece;\n--grey-10-contrast-darker: black;\n--grey-10-text-color: var(--body-color);\n--grey-5: #f2f2f2;\n--grey-5-r: 242;\n--grey-5-g: 242;\n--grey-5-b: 242;\n--grey-5-contrast: black;\n--grey-5-darker: #dadada;\n--grey-5-contrast-darker: black;\n--grey-5-text-color: var(--body-color);\n--grey-90: #1a1a1a;\n--grey-90-r: 26;\n--grey-90-g: 26;\n--grey-90-b: 26;\n--grey-90-contrast: white;\n--grey-90-darker: #171717;\n--grey-90-contrast-darker: white;\n--grey-90-text-color: var(--body-alt-color);\n--grey-80: #333333;\n--grey-80-r: 51;\n--grey-80-g: 51;\n--grey-80-b: 51;\n--grey-80-contrast: white;\n--grey-80-darker: #2e2e2e;\n--grey-80-contrast-darker: white;\n--grey-80-text-color: var(--body-alt-color);\n--grey-75: #404040;\n--grey-75-r: 64;\n--grey-75-g: 64;\n--grey-75-b: 64;\n--grey-75-contrast: white;\n--grey-75-darker: #3a3a3a;\n--grey-75-contrast-darker: white;\n--grey-75-text-color: var(--body-alt-color);\n--black: #000000;\n--black-r: 0;\n--black-g: 0;\n--black-b: 0;\n--black-contrast: white;\n--black-darker: #000000;\n--black-contrast-darker: white;\n--black-text-color: var(--body-alt-color);\n--grey-70: #4d4d4d;\n--grey-70-r: 77;\n--grey-70-g: 77;\n--grey-70-b: 77;\n--grey-70-contrast: white;\n--grey-70-darker: #454545;\n--grey-70-contrast-darker: white;\n--grey-70-text-color: var(--body-alt-color);\n--grey-60: #666666;\n--grey-60-r: 102;\n--grey-60-g: 102;\n--grey-60-b: 102;\n--grey-60-contrast: white;\n--grey-60-darker: #5c5c5c;\n--grey-60-contrast-darker: white;\n--grey-60-text-color: var(--body-alt-color);\n--grey-50: #808080;\n--grey-50-r: 128;\n--grey-50-g: 128;\n--grey-50-b: 128;\n--grey-50-contrast: white;\n--grey-50-darker: #737373;\n--grey-50-contrast-darker: white;\n--grey-50-text-color: var(--body-alt-color);\n--grey-dark-3: #212121;\n--grey-dark-3-r: 33;\n--grey-dark-3-g: 33;\n--grey-dark-3-b: 33;\n--grey-dark-3-contrast: white;\n--grey-dark-3-darker: #1e1e1e;\n--grey-dark-3-contrast-darker: white;\n--grey-dark-3-text-color: var(--body-alt-color);\n--grey-dark-2: #333333;\n--grey-dark-2-r: 51;\n--grey-dark-2-g: 51;\n--grey-dark-2-b: 51;\n--grey-dark-2-contrast: white;\n--grey-dark-2-darker: #2e2e2e;\n--grey-dark-2-contrast-darker: white;\n--grey-dark-2-text-color: var(--body-alt-color);\n--grey-dark-1: #454545;\n--grey-dark-1-r: 69;\n--grey-dark-1-g: 69;\n--grey-dark-1-b: 69;\n--grey-dark-1-contrast: white;\n--grey-dark-1-darker: #3e3e3e;\n--grey-dark-1-contrast-darker: white;\n--grey-dark-1-text-color: var(--body-alt-color);\n--grey: #b3b3b3;\n--grey-r: 179;\n--grey-g: 179;\n--grey-b: 179;\n--grey-contrast: white;\n--grey-darker: #a1a1a1;\n--grey-contrast-darker: white;\n--grey-text-color: var(--body-alt-color);\n--grey-light-1: #d9d9d9;\n--grey-light-1-r: 217;\n--grey-light-1-g: 217;\n--grey-light-1-b: 217;\n--grey-light-1-contrast: black;\n--grey-light-1-darker: #c3c3c3;\n--grey-light-1-contrast-darker: black;\n--grey-light-1-text-color: var(--body-color);\n--grey-light-2: #eeeeee;\n--grey-light-2-r: 238;\n--grey-light-2-g: 238;\n--grey-light-2-b: 238;\n--grey-light-2-contrast: black;\n--grey-light-2-darker: #d6d6d6;\n--grey-light-2-contrast-darker: black;\n--grey-light-2-text-color: var(--body-color);\n--grey-light-3: #f6f6f6;\n--grey-light-3-r: 246;\n--grey-light-3-g: 246;\n--grey-light-3-b: 246;\n--grey-light-3-contrast: black;\n--grey-light-3-darker: #dddddd;\n--grey-light-3-contrast-darker: black;\n--grey-light-3-text-color: var(--body-color);\n--color-1-base: #478ac9;\n--color-1-base-r: 71;\n--color-1-base-g: 138;\n--color-1-base-b: 201;\n--color-1-base-contrast: white;\n--color-1-base-darker: #387cbd;\n--color-1-base-contrast-darker: white;\n--color-1-base-text-color: var(--body-alt-color);\n--color-1-dark-3: #292e33;\n--color-1-dark-3-r: 41;\n--color-1-dark-3-g: 46;\n--color-1-dark-3-b: 51;\n--color-1-dark-3-contrast: white;\n--color-1-dark-3-darker: #25292e;\n--color-1-dark-3-contrast-darker: white;\n--color-1-dark-3-text-color: var(--body-alt-color);\n--color-1-dark-2: #425465;\n--color-1-dark-2-r: 66;\n--color-1-dark-2-g: 84;\n--color-1-dark-2-b: 101;\n--color-1-dark-2-contrast: white;\n--color-1-dark-2-darker: #3b4c5b;\n--color-1-dark-2-contrast-darker: white;\n--color-1-dark-2-text-color: var(--body-alt-color);\n--color-1-dark-1: #4c7397;\n--color-1-dark-1-r: 76;\n--color-1-dark-1-g: 115;\n--color-1-dark-1-b: 151;\n--color-1-dark-1-contrast: white;\n--color-1-dark-1-darker: #446888;\n--color-1-dark-1-contrast-darker: white;\n--color-1-dark-1-text-color: var(--body-alt-color);\n--color-1: #478ac9;\n--color-1-r: 71;\n--color-1-g: 138;\n--color-1-b: 201;\n--color-1-contrast: white;\n--color-1-darker: #387cbd;\n--color-1-contrast-darker: white;\n--color-1-text-color: var(--body-alt-color);\n--color-1-light-1: #77aad9;\n--color-1-light-1-r: 119;\n--color-1-light-1-g: 170;\n--color-1-light-1-b: 217;\n--color-1-light-1-contrast: white;\n--color-1-light-1-darker: #5d9ad2;\n--color-1-light-1-contrast-darker: white;\n--color-1-light-1-text-color: var(--body-alt-color);\n--color-1-light-2: #adcce9;\n--color-1-light-2-r: 173;\n--color-1-light-2-g: 204;\n--color-1-light-2-b: 233;\n--color-1-light-2-contrast: black;\n--color-1-light-2-darker: #8db8e0;\n--color-1-light-2-contrast-darker: white;\n--color-1-light-2-text-color: var(--body-color);\n--color-1-light-3: #e9f2fa;\n--color-1-light-3-r: 233;\n--color-1-light-3-g: 242;\n--color-1-light-3-b: 250;\n--color-1-light-3-contrast: black;\n--color-1-light-3-darker: #c2dbf1;\n--color-1-light-3-contrast-darker: black;\n--color-1-light-3-text-color: var(--body-color);\n--color-2-base: #db545a;\n--color-2-base-r: 219;\n--color-2-base-g: 84;\n--color-2-base-b: 90;\n--color-2-base-contrast: white;\n--color-2-base-darker: #d63b42;\n--color-2-base-contrast-darker: white;\n--color-2-base-text-color: var(--body-alt-color);\n--color-2-dark-3: #332929;\n--color-2-dark-3-r: 51;\n--color-2-dark-3-g: 41;\n--color-2-dark-3-b: 41;\n--color-2-dark-3-contrast: white;\n--color-2-dark-3-darker: #2e2525;\n--color-2-dark-3-contrast-darker: white;\n--color-2-dark-3-text-color: var(--body-alt-color);\n--color-2-dark-2: #6b4748;\n--color-2-dark-2-r: 107;\n--color-2-dark-2-g: 71;\n--color-2-dark-2-b: 72;\n--color-2-dark-2-contrast: white;\n--color-2-dark-2-darker: #604041;\n--color-2-dark-2-contrast-darker: white;\n--color-2-dark-2-text-color: var(--body-alt-color);\n--color-2-dark-1: #a35559;\n--color-2-dark-1-r: 163;\n--color-2-dark-1-g: 85;\n--color-2-dark-1-b: 89;\n--color-2-dark-1-contrast: white;\n--color-2-dark-1-darker: #934c50;\n--color-2-dark-1-contrast-darker: white;\n--color-2-dark-1-text-color: var(--body-alt-color);\n--color-2: #db545a;\n--color-2-r: 219;\n--color-2-g: 84;\n--color-2-b: 90;\n--color-2-contrast: white;\n--color-2-darker: #d63b42;\n--color-2-contrast-darker: white;\n--color-2-text-color: var(--body-alt-color);\n--color-2-light-1: #e68387;\n--color-2-light-1-r: 230;\n--color-2-light-1-g: 131;\n--color-2-light-1-b: 135;\n--color-2-light-1-contrast: white;\n--color-2-light-1-darker: #e0656a;\n--color-2-light-1-contrast-darker: white;\n--color-2-light-1-text-color: var(--body-alt-color);\n--color-2-light-2: #f1b5b8;\n--color-2-light-2-r: 241;\n--color-2-light-2-g: 181;\n--color-2-light-2-b: 184;\n--color-2-light-2-contrast: black;\n--color-2-light-2-darker: #ea9296;\n--color-2-light-2-contrast-darker: white;\n--color-2-light-2-text-color: var(--body-color);\n--color-2-light-3: #fbeced;\n--color-2-light-3-r: 251;\n--color-2-light-3-g: 236;\n--color-2-light-3-b: 237;\n--color-2-light-3-contrast: black;\n--color-2-light-3-darker: #f3c4c7;\n--color-2-light-3-contrast-darker: black;\n--color-2-light-3-text-color: var(--body-color);\n--color-3-base: #f1c50e;\n--color-3-base-r: 241;\n--color-3-base-g: 197;\n--color-3-base-b: 14;\n--color-3-base-contrast: black;\n--color-3-base-darker: #d9b10d;\n--color-3-base-contrast-darker: white;\n--color-3-base-text-color: var(--body-color);\n--color-3-dark-3: #333129;\n--color-3-dark-3-r: 51;\n--color-3-dark-3-g: 49;\n--color-3-dark-3-b: 41;\n--color-3-dark-3-contrast: white;\n--color-3-dark-3-darker: #2e2c25;\n--color-3-dark-3-contrast-darker: white;\n--color-3-dark-3-text-color: var(--body-alt-color);\n--color-3-dark-2: #72683f;\n--color-3-dark-2-r: 114;\n--color-3-dark-2-g: 104;\n--color-3-dark-2-b: 63;\n--color-3-dark-2-contrast: white;\n--color-3-dark-2-darker: #675e39;\n--color-3-dark-2-contrast-darker: white;\n--color-3-dark-2-text-color: var(--body-alt-color);\n--color-3-dark-1: #b29a36;\n--color-3-dark-1-r: 178;\n--color-3-dark-1-g: 154;\n--color-3-dark-1-b: 54;\n--color-3-dark-1-contrast: white;\n--color-3-dark-1-darker: #a08b31;\n--color-3-dark-1-contrast-darker: white;\n--color-3-dark-1-text-color: var(--body-alt-color);\n--color-3: #f1c50e;\n--color-3-r: 241;\n--color-3-g: 197;\n--color-3-b: 14;\n--color-3-contrast: black;\n--color-3-darker: #d9b10d;\n--color-3-contrast-darker: white;\n--color-3-text-color: var(--body-color);\n--color-3-light-1: #f5d654;\n--color-3-light-1-r: 245;\n--color-3-light-1-g: 214;\n--color-3-light-1-b: 84;\n--color-3-light-1-contrast: black;\n--color-3-light-1-darker: #f3cf35;\n--color-3-light-1-contrast-darker: black;\n--color-3-light-1-text-color: var(--body-color);\n--color-3-light-2: #f9e79b;\n--color-3-light-2-r: 249;\n--color-3-light-2-g: 231;\n--color-3-light-2-b: 155;\n--color-3-light-2-contrast: black;\n--color-3-light-2-darker: #f7de75;\n--color-3-light-2-contrast-darker: black;\n--color-3-light-2-text-color: var(--body-color);\n--color-3-light-3: #fef9e6;\n--color-3-light-3-r: 254;\n--color-3-light-3-g: 249;\n--color-3-light-3-b: 230;\n--color-3-light-3-contrast: black;\n--color-3-light-3-darker: #fceeb7;\n--color-3-light-3-contrast-darker: black;\n--color-3-light-3-text-color: var(--body-color);\n--color-4-base: #2cccc4;\n--color-4-base-r: 44;\n--color-4-base-g: 204;\n--color-4-base-b: 196;\n--color-4-base-contrast: white;\n--color-4-base-darker: #28b8b0;\n--color-4-base-contrast-darker: white;\n--color-4-base-text-color: var(--body-alt-color);\n--color-4-dark-3: #293332;\n--color-4-dark-3-r: 41;\n--color-4-dark-3-g: 51;\n--color-4-dark-3-b: 50;\n--color-4-dark-3-contrast: white;\n--color-4-dark-3-darker: #252e2d;\n--color-4-dark-3-contrast-darker: white;\n--color-4-dark-3-text-color: var(--body-alt-color);\n--color-4-dark-2: #41807c;\n--color-4-dark-2-r: 65;\n--color-4-dark-2-g: 128;\n--color-4-dark-2-b: 124;\n--color-4-dark-2-contrast: white;\n--color-4-dark-2-darker: #3a7370;\n--color-4-dark-2-contrast-darker: white;\n--color-4-dark-2-text-color: var(--body-alt-color);\n--color-4-dark-1: #2cccc4;\n--color-4-dark-1-r: 44;\n--color-4-dark-1-g: 204;\n--color-4-dark-1-b: 196;\n--color-4-dark-1-contrast: white;\n--color-4-dark-1-darker: #28b8b0;\n--color-4-dark-1-contrast-darker: white;\n--color-4-dark-1-text-color: var(--body-alt-color);\n--color-4: #3be8e0;\n--color-4-r: 59;\n--color-4-g: 232;\n--color-4-b: 224;\n--color-4-contrast: black;\n--color-4-darker: #21e5dc;\n--color-4-contrast-darker: black;\n--color-4-text-color: var(--body-color);\n--color-4-light-1: #72efe9;\n--color-4-light-1-r: 114;\n--color-4-light-1-g: 239;\n--color-4-light-1-b: 233;\n--color-4-light-1-contrast: black;\n--color-4-light-1-darker: #52ebe4;\n--color-4-light-1-contrast-darker: black;\n--color-4-light-1-text-color: var(--body-color);\n--color-4-light-2: #adf6f2;\n--color-4-light-2-r: 173;\n--color-4-light-2-g: 246;\n--color-4-light-2-b: 242;\n--color-4-light-2-contrast: black;\n--color-4-light-2-darker: #87f2ec;\n--color-4-light-2-contrast-darker: black;\n--color-4-light-2-text-color: var(--body-color);\n--color-4-light-3: #eafdfc;\n--color-4-light-3-r: 234;\n--color-4-light-3-g: 253;\n--color-4-light-3-b: 252;\n--color-4-light-3-contrast: black;\n--color-4-light-3-darker: #bef9f6;\n--color-4-light-3-contrast-darker: black;\n--color-4-light-3-text-color: var(--body-color);\n--color-5-base: #b9c1cc;\n--color-5-base-r: 185;\n--color-5-base-g: 193;\n--color-5-base-b: 204;\n--color-5-base-contrast: black;\n--color-5-base-darker: #a2adbc;\n--color-5-base-contrast-darker: white;\n--color-5-base-text-color: var(--body-color);\n--color-5-dark-3: #292d33;\n--color-5-dark-3-r: 41;\n--color-5-dark-3-g: 45;\n--color-5-dark-3-b: 51;\n--color-5-dark-3-contrast: white;\n--color-5-dark-3-darker: #25292e;\n--color-5-dark-3-contrast-darker: white;\n--color-5-dark-3-text-color: var(--body-alt-color);\n--color-5-dark-2: #555c66;\n--color-5-dark-2-r: 85;\n--color-5-dark-2-g: 92;\n--color-5-dark-2-b: 102;\n--color-5-dark-2-contrast: white;\n--color-5-dark-2-darker: #4d535c;\n--color-5-dark-2-contrast-darker: white;\n--color-5-dark-2-text-color: var(--body-alt-color);\n--color-5-dark-1: #858e99;\n--color-5-dark-1-r: 133;\n--color-5-dark-1-g: 142;\n--color-5-dark-1-b: 153;\n--color-5-dark-1-contrast: white;\n--color-5-dark-1-darker: #75808c;\n--color-5-dark-1-contrast-darker: white;\n--color-5-dark-1-text-color: var(--body-alt-color);\n--color-5: #b9c1cc;\n--color-5-r: 185;\n--color-5-g: 193;\n--color-5-b: 204;\n--color-5-contrast: black;\n--color-5-darker: #a2adbc;\n--color-5-contrast-darker: white;\n--color-5-text-color: var(--body-color);\n--color-5-light-1: #ccd3db;\n--color-5-light-1-r: 204;\n--color-5-light-1-g: 211;\n--color-5-light-1-b: 219;\n--color-5-light-1-contrast: black;\n--color-5-light-1-darker: #b3bec9;\n--color-5-light-1-contrast-darker: black;\n--color-5-light-1-text-color: var(--body-color);\n--color-5-light-2: #e0e5eb;\n--color-5-light-2-r: 224;\n--color-5-light-2-g: 229;\n--color-5-light-2-b: 235;\n--color-5-light-2-contrast: black;\n--color-5-light-2-darker: #c4ced9;\n--color-5-light-2-contrast-darker: black;\n--color-5-light-2-text-color: var(--body-color);\n--color-5-light-3: #f5f7fa;\n--color-5-light-3-r: 245;\n--color-5-light-3-g: 247;\n--color-5-light-3-b: 250;\n--color-5-light-3-contrast: black;\n--color-5-light-3-darker: #d4dde9;\n--color-5-light-3-contrast-darker: black;\n--color-5-light-3-text-color: var(--body-color);\n--white-contrast: var(--body-color);\n--shading-contrast: var(--body-alt-color);\n--bg-contrast: var(--body-color);\n}.u-custom-color-1,\n        .u-body.u-custom-color-1,\n        .u-container-style.u-custom-color-1:before\n        {\n            color: var(--custom-color-1-text-color);\n            background-color: var(--custom-color-1);\n        }\n\n        .u-button-style.u-custom-color-1,\n        .u-button-style.u-custom-color-1[class*=\"u-border-\"]\n        {\n            color: var(--custom-color-1-text-color) !important;\n            background-color: var(--custom-color-1) !important;\n        }\n\n        .u-button-style.u-custom-color-1:hover,\n        .u-button-style.u-custom-color-1[class*=\"u-border-\"]:hover\n        {\n            color: var(--custom-color-1-contrast-darker) !important;\n            background-color: var(--custom-color-1-darker) !important;\n        }\n\n        a.u-button-style.u-hover-custom-color-1:hover,\n        a.u-button-style.u-hover-custom-color-1[class*=\"u-border-\"]:hover,\n        a.u-btn.u-active-custom-color-1[href]:active,\n        a.u-btn.u-active-custom-color-1[class*=\"u-border-\"][href]:active,\n        a.u-nav-link.u-active-custom-color-1[href].active,\n        a.u-nav-link.u-active-custom-color-1[class*=\"u-border-\"][href].active\n        {\n            color: var(--custom-color-1-text-color) !important;\n            background-color: var(--custom-color-1) !important;\n        }\n\n        a.u-link.u-hover-custom-color-1:hover {\n            color: var(--custom-color-1) !important;\n        }\n\n        \n        \n        .u-custom-color-2,\n        .u-body.u-custom-color-2,\n        .u-container-style.u-custom-color-2:before\n        {\n            color: var(--custom-color-2-text-color);\n            background-color: var(--custom-color-2);\n        }\n\n        .u-button-style.u-custom-color-2,\n        .u-button-style.u-custom-color-2[class*=\"u-border-\"]\n        {\n            color: var(--custom-color-2-text-color) !important;\n            background-color: var(--custom-color-2) !important;\n        }\n\n        .u-button-style.u-custom-color-2:hover,\n        .u-button-style.u-custom-color-2[class*=\"u-border-\"]:hover\n        {\n            color: var(--custom-color-2-contrast-darker) !important;\n            background-color: var(--custom-color-2-darker) !important;\n        }\n\n        a.u-button-style.u-hover-custom-color-2:hover,\n        a.u-button-style.u-hover-custom-color-2[class*=\"u-border-\"]:hover,\n        a.u-btn.u-active-custom-color-2[href]:active,\n        a.u-btn.u-active-custom-color-2[class*=\"u-border-\"][href]:active,\n        a.u-nav-link.u-active-custom-color-2[href].active,\n        a.u-nav-link.u-active-custom-color-2[class*=\"u-border-\"][href].active\n        {\n            color: var(--custom-color-2-text-color) !important;\n            background-color: var(--custom-color-2) !important;\n        }\n\n        a.u-link.u-hover-custom-color-2:hover {\n            color: var(--custom-color-2) !important;\n        }\n\n        \n        \n        .u-custom-color-3,\n        .u-body.u-custom-color-3,\n        .u-container-style.u-custom-color-3:before\n        {\n            color: var(--custom-color-3-text-color);\n            background-color: var(--custom-color-3);\n        }\n\n        .u-button-style.u-custom-color-3,\n        .u-button-style.u-custom-color-3[class*=\"u-border-\"]\n        {\n            color: var(--custom-color-3-text-color) !important;\n            background-color: var(--custom-color-3) !important;\n        }\n\n        .u-button-style.u-custom-color-3:hover,\n        .u-button-style.u-custom-color-3[class*=\"u-border-\"]:hover\n        {\n            color: var(--custom-color-3-contrast-darker) !important;\n            background-color: var(--custom-color-3-darker) !important;\n        }\n\n        a.u-button-style.u-hover-custom-color-3:hover,\n        a.u-button-style.u-hover-custom-color-3[class*=\"u-border-\"]:hover,\n        a.u-btn.u-active-custom-color-3[href]:active,\n        a.u-btn.u-active-custom-color-3[class*=\"u-border-\"][href]:active,\n        a.u-nav-link.u-active-custom-color-3[href].active,\n        a.u-nav-link.u-active-custom-color-3[class*=\"u-border-\"][href].active\n        {\n            color: var(--custom-color-3-text-color) !important;\n            background-color: var(--custom-color-3) !important;\n        }\n\n        a.u-link.u-hover-custom-color-3:hover {\n            color: var(--custom-color-3) !important;\n        }\n\n        \n        \n        .u-custom-color-4,\n        .u-body.u-custom-color-4,\n        .u-container-style.u-custom-color-4:before\n        {\n            color: var(--custom-color-4-text-color);\n            background-color: var(--custom-color-4);\n        }\n\n        .u-button-style.u-custom-color-4,\n        .u-button-style.u-custom-color-4[class*=\"u-border-\"]\n        {\n            color: var(--custom-color-4-text-color) !important;\n            background-color: var(--custom-color-4) !important;\n        }\n\n        .u-button-style.u-custom-color-4:hover,\n        .u-button-style.u-custom-color-4[class*=\"u-border-\"]:hover\n        {\n            color: var(--custom-color-4-contrast-darker) !important;\n            background-color: var(--custom-color-4-darker) !important;\n        }\n\n        a.u-button-style.u-hover-custom-color-4:hover,\n        a.u-button-style.u-hover-custom-color-4[class*=\"u-border-\"]:hover,\n        a.u-btn.u-active-custom-color-4[href]:active,\n        a.u-btn.u-active-custom-color-4[class*=\"u-border-\"][href]:active,\n        a.u-nav-link.u-active-custom-color-4[href].active,\n        a.u-nav-link.u-active-custom-color-4[class*=\"u-border-\"][href].active\n        {\n            color: var(--custom-color-4-text-color) !important;\n            background-color: var(--custom-color-4) !important;\n        }\n\n        a.u-link.u-hover-custom-color-4:hover {\n            color: var(--custom-color-4) !important;\n        }\n\n        \n\n        \n        .u-border-custom-color-1,\n        .u-separator-custom-color-1:after\n        {\n            border-color: var(--custom-color-1);\n        }\n\n        .u-link.u-border-custom-color-1[class*=\"u-border-\"]\n        {\n            border-color: var(--custom-color-1);\n        }\n\n        .u-link.u-border-custom-color-1[class*=\"u-border-\"]:hover\n        {\n            border-color: var(--custom-color-1-darker);\n        }\n\n        .u-btn.u-border-custom-color-1\n        {\n            color: var(--custom-color-1) !important;\n        }\n\n        .u-button-style.u-border-custom-color-1\n        {\n            border-color: var(--custom-color-1) !important;\n            background-color: transparent !important;\n        }\n\n        .u-btn.u-border-custom-color-1:hover\n        {\n            color: var(--custom-color-1-text-color) !important;\n            background-color: var(--custom-color-1) !important;\n        }\n\n        a.u-btn.u-border-hover-custom-color-1:hover,\n        a.u-btn.u-border-active-custom-color-1[href]:active\n        {\n            color: var(--custom-color-1) !important;\n            background-color: transparent !important;\n        }\n\n        a.u-button-style.u-border-hover-custom-color-1:hover,\n        a.u-button-style.u-border-active-custom-color-1[href]:active,\n        a.u-nav-link.u-border-active-custom-color-1[href].active\n        {\n            border-color: var(--custom-color-1) !important;\n        }\n        \n        \n        .u-border-custom-color-2,\n        .u-separator-custom-color-2:after\n        {\n            border-color: var(--custom-color-2);\n        }\n\n        .u-link.u-border-custom-color-2[class*=\"u-border-\"]\n        {\n            border-color: var(--custom-color-2);\n        }\n\n        .u-link.u-border-custom-color-2[class*=\"u-border-\"]:hover\n        {\n            border-color: var(--custom-color-2-darker);\n        }\n\n        .u-btn.u-border-custom-color-2\n        {\n            color: var(--custom-color-2) !important;\n        }\n\n        .u-button-style.u-border-custom-color-2\n        {\n            border-color: var(--custom-color-2) !important;\n            background-color: transparent !important;\n        }\n\n        .u-btn.u-border-custom-color-2:hover\n        {\n            color: var(--custom-color-2-text-color) !important;\n            background-color: var(--custom-color-2) !important;\n        }\n\n        a.u-btn.u-border-hover-custom-color-2:hover,\n        a.u-btn.u-border-active-custom-color-2[href]:active\n        {\n            color: var(--custom-color-2) !important;\n            background-color: transparent !important;\n        }\n\n        a.u-button-style.u-border-hover-custom-color-2:hover,\n        a.u-button-style.u-border-active-custom-color-2[href]:active,\n        a.u-nav-link.u-border-active-custom-color-2[href].active\n        {\n            border-color: var(--custom-color-2) !important;\n        }\n        \n        \n        .u-border-custom-color-3,\n        .u-separator-custom-color-3:after\n        {\n            border-color: var(--custom-color-3);\n        }\n\n        .u-link.u-border-custom-color-3[class*=\"u-border-\"]\n        {\n            border-color: var(--custom-color-3);\n        }\n\n        .u-link.u-border-custom-color-3[class*=\"u-border-\"]:hover\n        {\n            border-color: var(--custom-color-3-darker);\n        }\n\n        .u-btn.u-border-custom-color-3\n        {\n            color: var(--custom-color-3) !important;\n        }\n\n        .u-button-style.u-border-custom-color-3\n        {\n            border-color: var(--custom-color-3) !important;\n            background-color: transparent !important;\n        }\n\n        .u-btn.u-border-custom-color-3:hover\n        {\n            color: var(--custom-color-3-text-color) !important;\n            background-color: var(--custom-color-3) !important;\n        }\n\n        a.u-btn.u-border-hover-custom-color-3:hover,\n        a.u-btn.u-border-active-custom-color-3[href]:active\n        {\n            color: var(--custom-color-3) !important;\n            background-color: transparent !important;\n        }\n\n        a.u-button-style.u-border-hover-custom-color-3:hover,\n        a.u-button-style.u-border-active-custom-color-3[href]:active,\n        a.u-nav-link.u-border-active-custom-color-3[href].active\n        {\n            border-color: var(--custom-color-3) !important;\n        }\n        \n        \n        .u-border-custom-color-4,\n        .u-separator-custom-color-4:after\n        {\n            border-color: var(--custom-color-4);\n        }\n\n        .u-link.u-border-custom-color-4[class*=\"u-border-\"]\n        {\n            border-color: var(--custom-color-4);\n        }\n\n        .u-link.u-border-custom-color-4[class*=\"u-border-\"]:hover\n        {\n            border-color: var(--custom-color-4-darker);\n        }\n\n        .u-btn.u-border-custom-color-4\n        {\n            color: var(--custom-color-4) !important;\n        }\n\n        .u-button-style.u-border-custom-color-4\n        {\n            border-color: var(--custom-color-4) !important;\n            background-color: transparent !important;\n        }\n\n        .u-btn.u-border-custom-color-4:hover\n        {\n            color: var(--custom-color-4-text-color) !important;\n            background-color: var(--custom-color-4) !important;\n        }\n\n        a.u-btn.u-border-hover-custom-color-4:hover,\n        a.u-btn.u-border-active-custom-color-4[href]:active\n        {\n            color: var(--custom-color-4) !important;\n            background-color: transparent !important;\n        }\n\n        a.u-button-style.u-border-hover-custom-color-4:hover,\n        a.u-button-style.u-border-active-custom-color-4[href]:active,\n        a.u-nav-link.u-border-active-custom-color-4[href].active\n        {\n            border-color: var(--custom-color-4) !important;\n        }\n        \n\n        \n        .u-text-custom-color-1,\n        .u-text-custom-color-1 a,\n        a.u-button-style.u-text-custom-color-1,\n        a.u-button-style.u-text-custom-color-1[class*=\"u-border-\"]\n        {\n            color: var(--custom-color-1) !important;\n        }\n\n        .u-link.u-text-custom-color-1:hover,\n        a.u-nav-link.u-text-custom-color-1:hover\n        {\n            color: var(--custom-color-1-darker) !important;\n        }\n\n        a.u-link.u-text-hover-custom-color-1:hover,\n        :not(.level-2) > .u-nav > .u-nav-item > a.u-nav-link.u-text-hover-custom-color-1:hover,\n        :not(.level-2) > .u-nav > .u-nav-item > a.u-nav-link.u-text-active-custom-color-1.active,\n        .u-popupmenu-items.u-text-hover-custom-color-1:hover .u-nav-link,\n        .u-popupmenu-items.u-text-hover-custom-color-1.active .u-nav-link\n        {\n            color: var(--custom-color-1) !important;\n        }\n\n        .u-text-custom-color-1 svg\n        {\n            fill: var(--custom-color-1);\n        }\n        \n        \n        .u-text-custom-color-2,\n        .u-text-custom-color-2 a,\n        a.u-button-style.u-text-custom-color-2,\n        a.u-button-style.u-text-custom-color-2[class*=\"u-border-\"]\n        {\n            color: var(--custom-color-2) !important;\n        }\n\n        .u-link.u-text-custom-color-2:hover,\n        a.u-nav-link.u-text-custom-color-2:hover\n        {\n            color: var(--custom-color-2-darker) !important;\n        }\n\n        a.u-link.u-text-hover-custom-color-2:hover,\n        :not(.level-2) > .u-nav > .u-nav-item > a.u-nav-link.u-text-hover-custom-color-2:hover,\n        :not(.level-2) > .u-nav > .u-nav-item > a.u-nav-link.u-text-active-custom-color-2.active,\n        .u-popupmenu-items.u-text-hover-custom-color-2:hover .u-nav-link,\n        .u-popupmenu-items.u-text-hover-custom-color-2.active .u-nav-link\n        {\n            color: var(--custom-color-2) !important;\n        }\n\n        .u-text-custom-color-2 svg\n        {\n            fill: var(--custom-color-2);\n        }\n        \n        \n        .u-text-custom-color-3,\n        .u-text-custom-color-3 a,\n        a.u-button-style.u-text-custom-color-3,\n        a.u-button-style.u-text-custom-color-3[class*=\"u-border-\"]\n        {\n            color: var(--custom-color-3) !important;\n        }\n\n        .u-link.u-text-custom-color-3:hover,\n        a.u-nav-link.u-text-custom-color-3:hover\n        {\n            color: var(--custom-color-3-darker) !important;\n        }\n\n        a.u-link.u-text-hover-custom-color-3:hover,\n        :not(.level-2) > .u-nav > .u-nav-item > a.u-nav-link.u-text-hover-custom-color-3:hover,\n        :not(.level-2) > .u-nav > .u-nav-item > a.u-nav-link.u-text-active-custom-color-3.active,\n        .u-popupmenu-items.u-text-hover-custom-color-3:hover .u-nav-link,\n        .u-popupmenu-items.u-text-hover-custom-color-3.active .u-nav-link\n        {\n            color: var(--custom-color-3) !important;\n        }\n\n        .u-text-custom-color-3 svg\n        {\n            fill: var(--custom-color-3);\n        }\n        \n        \n        .u-text-custom-color-4,\n        .u-text-custom-color-4 a,\n        a.u-button-style.u-text-custom-color-4,\n        a.u-button-style.u-text-custom-color-4[class*=\"u-border-\"]\n        {\n            color: var(--custom-color-4) !important;\n        }\n\n        .u-link.u-text-custom-color-4:hover,\n        a.u-nav-link.u-text-custom-color-4:hover\n        {\n            color: var(--custom-color-4-darker) !important;\n        }\n\n        a.u-link.u-text-hover-custom-color-4:hover,\n        :not(.level-2) > .u-nav > .u-nav-item > a.u-nav-link.u-text-hover-custom-color-4:hover,\n        :not(.level-2) > .u-nav > .u-nav-item > a.u-nav-link.u-text-active-custom-color-4.active,\n        .u-popupmenu-items.u-text-hover-custom-color-4:hover .u-nav-link,\n        .u-popupmenu-items.u-text-hover-custom-color-4.active .u-nav-link\n        {\n            color: var(--custom-color-4) !important;\n        }\n\n        .u-text-custom-color-4 svg\n        {\n            fill: var(--custom-color-4);\n        }</style><style id=\"typography\" typography=\"Normal\">.u-body {\n  --title-font-weight: 400;\n  --title-font-size: 4.5rem;\n  --title-line-height: 1.1;\n  --title-margin-top: 20px;\n  --title-margin-bottom: 20px;\n  --subtitle-font-weight: 400;\n  --subtitle-font-size: 2.25rem;\n  --subtitle-line-height: 1.1;\n  --subtitle-margin-top: 20px;\n  --subtitle-margin-bottom: 20px;\n  --h1-font-weight: 400;\n  --h1-font-size: 3rem;\n  --h1-line-height: 1.1;\n  --h1-margin-top: 20px;\n  --h1-margin-bottom: 20px;\n  --h2-font-weight: 400;\n  --h2-font-size: 2.25rem;\n  --h2-line-height: 1.1;\n  --h2-margin-top: 20px;\n  --h2-margin-bottom: 20px;\n  --h3-font-weight: 400;\n  --h3-font-size: 1.875rem;\n  --h3-line-height: 1.2;\n  --h3-margin-top: 20px;\n  --h3-margin-bottom: 20px;\n  --h4-font-weight: 400;\n  --h4-font-size: 1.5rem;\n  --h4-line-height: 1.2;\n  --h4-margin-top: 20px;\n  --h4-margin-bottom: 20px;\n  --h5-font-weight: 400;\n  --h5-font-size: 1.25rem;\n  --h5-line-height: 1.2;\n  --h5-margin-top: 20px;\n  --h5-margin-bottom: 20px;\n  --h6-font-weight: 400;\n  --h6-font-size: 1.125rem;\n  --h6-line-height: 1.2;\n  --h6-margin-top: 20px;\n  --h6-margin-bottom: 20px;\n  --largeText-font-size: 1.25rem;\n  --largeText-margin-top: 20px;\n  --largeText-margin-bottom: 20px;\n  --smallText-font-size: 0.875rem;\n  --smallText-margin-top: 20px;\n  --smallText-margin-bottom: 20px;\n  --text-margin-top: 20px;\n  --text-margin-bottom: 20px;\n  --link-color: var(--palette-1-base);\n  --link-margin-top: 20px;\n  --link-margin-bottom: 20px;\n  --link-alt-text-color: var(--palette-1-light-2);\n  --link-hover-color: var(--palette-1-base-darker);\n  --link-hover-alt-text-color: var(--white-darker);\n  --button-margin-top: 20px;\n  --button-margin-bottom: 20px;\n  --button-background-color: var(--palette-1-base);\n  --button-color: var(--white);\n  --button-alt-background-color: var(--palette-1-light-2);\n  --button-alt-color: var(--black);\n  --button-hover-background-color: var(--palette-1-base-darker);\n  --button-hover-color: var(--white-darker);\n  --button-hover-alt-background-color: var(--palette-1-light-2-darker);\n  --button-hover-alt-color: var(--black-darker);\n  --blockquote-font-style: italic;\n  --blockquote-padding-left: 20px;\n  --blockquote-border-width: 4px;\n  --blockquote-border-color: var(--palette-1-base);\n  --blockquote-margin-top: 20px;\n  --blockquote-margin-bottom: 20px;\n  --metadata-margin-top: 20px;\n  --metadata-margin-bottom: 20px;\n  --list-margin-top: 20px;\n  --list-margin-bottom: 20px;\n  --orderedlist-margin-top: 20px;\n  --orderedlist-margin-bottom: 20px;\n  --postContent-margin-top: 20px;\n  --postContent-margin-bottom: 20px;\n}\n\nh1.u-title {\n  font-weight: var(--title-font-weight);\n  font-size: var(--title-font-size);\n  line-height: var(--title-line-height);\n  margin-top: var(--title-margin-top);\n  margin-bottom: var(--title-margin-bottom);\n}\n\nh2.u-subtitle {\n  font-weight: var(--subtitle-font-weight);\n  font-size: var(--subtitle-font-size);\n  line-height: var(--subtitle-line-height);\n  margin-top: var(--subtitle-margin-top);\n  margin-bottom: var(--subtitle-margin-bottom);\n}\n\nh1:not(.u-title) {\n  font-weight: var(--h1-font-weight);\n  font-size: var(--h1-font-size);\n  line-height: var(--h1-line-height);\n  margin-top: var(--h1-margin-top);\n  margin-bottom: var(--h1-margin-bottom);\n}\n\nh2:not(.u-subtitle) {\n  font-weight: var(--h2-font-weight);\n  font-size: var(--h2-font-size);\n  line-height: var(--h2-line-height);\n  margin-top: var(--h2-margin-top);\n  margin-bottom: var(--h2-margin-bottom);\n}\n\nh3 {\n  font-weight: var(--h3-font-weight);\n  font-size: var(--h3-font-size);\n  line-height: var(--h3-line-height);\n  margin-top: var(--h3-margin-top);\n  margin-bottom: var(--h3-margin-bottom);\n}\n\nh4 {\n  font-weight: var(--h4-font-weight);\n  font-size: var(--h4-font-size);\n  line-height: var(--h4-line-height);\n  margin-top: var(--h4-margin-top);\n  margin-bottom: var(--h4-margin-bottom);\n}\n\nh5 {\n  font-weight: var(--h5-font-weight);\n  font-size: var(--h5-font-size);\n  line-height: var(--h5-line-height);\n  margin-top: var(--h5-margin-top);\n  margin-bottom: var(--h5-margin-bottom);\n}\n\nh6 {\n  font-weight: var(--h6-font-weight);\n  font-size: var(--h6-font-size);\n  line-height: var(--h6-line-height);\n  margin-top: var(--h6-margin-top);\n  margin-bottom: var(--h6-margin-bottom);\n}\n\np.u-large-text {\n  font-size: var(--largeText-font-size);\n  margin-top: var(--largeText-margin-top);\n  margin-bottom: var(--largeText-margin-bottom);\n}\n\np.u-small-text {\n  font-size: var(--smallText-font-size);\n  margin-top: var(--smallText-margin-top);\n  margin-bottom: var(--smallText-margin-bottom);\n}\n\np:not(.u-text-variant) {\n  margin-top: var(--text-margin-top);\n  margin-bottom: var(--text-margin-bottom);\n}\n\n.u-link, a {\n  margin-top: var(--link-margin-top);\n  margin-bottom: var(--link-margin-bottom);\n}\n\n.u-btn {\n  margin-top: var(--button-margin-top);\n  margin-bottom: var(--button-margin-bottom);\n}\n\nblockquote {\n  font-style: var(--blockquote-font-style);\n  padding-left: var(--blockquote-padding-left);\n  border-width: var(--blockquote-border-width);\n  margin-top: var(--blockquote-margin-top);\n  margin-bottom: var(--blockquote-margin-bottom);\n}\n\n.u-metadata {\n  margin-top: var(--metadata-margin-top);\n  margin-bottom: var(--metadata-margin-bottom);\n}\n\nul:not(.u-unstyled) {\n  margin-top: var(--list-margin-top);\n  margin-bottom: var(--list-margin-bottom);\n}\n\nol {\n  margin-top: var(--orderedlist-margin-top);\n  margin-bottom: var(--orderedlist-margin-bottom);\n}\n\n.u-post-content {\n  margin-top: var(--postContent-margin-top);\n  margin-bottom: var(--postContent-margin-bottom);\n}\n\n.u-overlap.u-overlap-transparent:not(.u-overlap-contrast) .u-header .u-link, .u-overlap.u-overlap-transparent:not(.u-overlap-contrast) .u-header a,\n.u-gradient > .u-container-layout > .u-link, .u-gradient > .u-container-layout > a,\n.u-image:not(.u-shading) > .u-container-layout > .u-link, .u-image:not(.u-shading) > .u-container-layout > a,\n.u-link, a {\n  color: var(--link-color);\n}\n\n.u-overlap.u-overlap-transparent:not(.u-overlap-contrast) .u-header .u-link:hover, .u-overlap.u-overlap-transparent:not(.u-overlap-contrast) .u-header a:hover,\n.u-gradient > .u-container-layout > .u-link:hover, .u-gradient > .u-container-layout > a:hover,\n.u-image:not(.u-shading) > .u-container-layout > .u-link:hover, .u-image:not(.u-shading) > .u-container-layout > a:hover,\n.u-link:hover, a:hover {\n  color: var(--link-hover-color);\n}\n\n.u-overlap.u-overlap-transparent:not(.u-overlap-contrast) .u-header .u-btn,\n.u-gradient > .u-container-layout > .u-btn,\n.u-image:not(.u-shading) > .u-container-layout > .u-btn,\n.u-btn {\n  background-color: var(--button-background-color);\n  color: var(--button-color);\n}\n\n.u-overlap.u-overlap-transparent:not(.u-overlap-contrast) .u-header .u-btn:hover,\n.u-gradient > .u-container-layout > .u-btn:hover,\n.u-image:not(.u-shading) > .u-container-layout > .u-btn:hover,\n.u-btn:hover {\n  background-color: var(--button-hover-background-color);\n  color: var(--button-hover-color);\n}\n\n.u-overlap.u-overlap-transparent:not(.u-overlap-contrast) .u-header blockquote,\n.u-gradient > .u-container-layout > blockquote,\n.u-image:not(.u-shading) > .u-container-layout > blockquote,\nblockquote {\n  border-color: var(--blockquote-border-color);\n}\n\n.u-custom-color-1 .u-link, .u-custom-color-1 a,.u-custom-color-2 .u-link, .u-custom-color-2 a,.u-custom-color-3 .u-link, .u-custom-color-3 a,.u-custom-color-4 .u-link, .u-custom-color-4 a,.u-body-color .u-link, .u-body-color a,.u-palette-1-base .u-link, .u-palette-1-base a,.u-palette-1-dark-3 .u-link, .u-palette-1-dark-3 a,.u-palette-1-dark-2 .u-link, .u-palette-1-dark-2 a,.u-palette-1-dark-1 .u-link, .u-palette-1-dark-1 a,.u-palette-1 .u-link, .u-palette-1 a,.u-palette-1-light-1 .u-link, .u-palette-1-light-1 a,.u-palette-2-base .u-link, .u-palette-2-base a,.u-palette-2-dark-3 .u-link, .u-palette-2-dark-3 a,.u-palette-2-dark-2 .u-link, .u-palette-2-dark-2 a,.u-palette-2-dark-1 .u-link, .u-palette-2-dark-1 a,.u-palette-2 .u-link, .u-palette-2 a,.u-palette-2-light-1 .u-link, .u-palette-2-light-1 a,.u-palette-3-dark-3 .u-link, .u-palette-3-dark-3 a,.u-palette-3-dark-2 .u-link, .u-palette-3-dark-2 a,.u-palette-3-dark-1 .u-link, .u-palette-3-dark-1 a,.u-palette-4-base .u-link, .u-palette-4-base a,.u-palette-4-dark-3 .u-link, .u-palette-4-dark-3 a,.u-palette-4-dark-2 .u-link, .u-palette-4-dark-2 a,.u-palette-4-dark-1 .u-link, .u-palette-4-dark-1 a,.u-palette-5-dark-3 .u-link, .u-palette-5-dark-3 a,.u-palette-5-dark-2 .u-link, .u-palette-5-dark-2 a,.u-palette-5-dark-1 .u-link, .u-palette-5-dark-1 a,.u-grey-40 .u-link, .u-grey-40 a,.u-grey-30 .u-link, .u-grey-30 a,.u-grey-90 .u-link, .u-grey-90 a,.u-grey-80 .u-link, .u-grey-80 a,.u-grey-75 .u-link, .u-grey-75 a,.u-black .u-link, .u-black a,.u-grey-70 .u-link, .u-grey-70 a,.u-grey-60 .u-link, .u-grey-60 a,.u-grey-50 .u-link, .u-grey-50 a,.u-grey-dark-3 .u-link, .u-grey-dark-3 a,.u-grey-dark-2 .u-link, .u-grey-dark-2 a,.u-grey-dark-1 .u-link, .u-grey-dark-1 a,.u-grey .u-link, .u-grey a,.u-shading .u-link, .u-shading a,.u-overlap-contrast .u-header .u-link, .u-overlap-contrast .u-header a:not(.u-nav-link):not(.u-btn) { color: var(--link-alt-text-color); }\n.u-custom-color-1 .u-link:hover, .u-custom-color-1 a:hover,.u-custom-color-2 .u-link:hover, .u-custom-color-2 a:hover,.u-custom-color-3 .u-link:hover, .u-custom-color-3 a:hover,.u-custom-color-4 .u-link:hover, .u-custom-color-4 a:hover,.u-body-color .u-link:hover, .u-body-color a:hover,.u-palette-1-base .u-link:hover, .u-palette-1-base a:hover,.u-palette-1-dark-3 .u-link:hover, .u-palette-1-dark-3 a:hover,.u-palette-1-dark-2 .u-link:hover, .u-palette-1-dark-2 a:hover,.u-palette-1-dark-1 .u-link:hover, .u-palette-1-dark-1 a:hover,.u-palette-1 .u-link:hover, .u-palette-1 a:hover,.u-palette-1-light-1 .u-link:hover, .u-palette-1-light-1 a:hover,.u-palette-2-base .u-link:hover, .u-palette-2-base a:hover,.u-palette-2-dark-3 .u-link:hover, .u-palette-2-dark-3 a:hover,.u-palette-2-dark-2 .u-link:hover, .u-palette-2-dark-2 a:hover,.u-palette-2-dark-1 .u-link:hover, .u-palette-2-dark-1 a:hover,.u-palette-2 .u-link:hover, .u-palette-2 a:hover,.u-palette-2-light-1 .u-link:hover, .u-palette-2-light-1 a:hover,.u-palette-3-dark-3 .u-link:hover, .u-palette-3-dark-3 a:hover,.u-palette-3-dark-2 .u-link:hover, .u-palette-3-dark-2 a:hover,.u-palette-3-dark-1 .u-link:hover, .u-palette-3-dark-1 a:hover,.u-palette-4-base .u-link:hover, .u-palette-4-base a:hover,.u-palette-4-dark-3 .u-link:hover, .u-palette-4-dark-3 a:hover,.u-palette-4-dark-2 .u-link:hover, .u-palette-4-dark-2 a:hover,.u-palette-4-dark-1 .u-link:hover, .u-palette-4-dark-1 a:hover,.u-palette-5-dark-3 .u-link:hover, .u-palette-5-dark-3 a:hover,.u-palette-5-dark-2 .u-link:hover, .u-palette-5-dark-2 a:hover,.u-palette-5-dark-1 .u-link:hover, .u-palette-5-dark-1 a:hover,.u-grey-40 .u-link:hover, .u-grey-40 a:hover,.u-grey-30 .u-link:hover, .u-grey-30 a:hover,.u-grey-90 .u-link:hover, .u-grey-90 a:hover,.u-grey-80 .u-link:hover, .u-grey-80 a:hover,.u-grey-75 .u-link:hover, .u-grey-75 a:hover,.u-black .u-link:hover, .u-black a:hover,.u-grey-70 .u-link:hover, .u-grey-70 a:hover,.u-grey-60 .u-link:hover, .u-grey-60 a:hover,.u-grey-50 .u-link:hover, .u-grey-50 a:hover,.u-grey-dark-3 .u-link:hover, .u-grey-dark-3 a:hover,.u-grey-dark-2 .u-link:hover, .u-grey-dark-2 a:hover,.u-grey-dark-1 .u-link:hover, .u-grey-dark-1 a:hover,.u-grey .u-link:hover, .u-grey a:hover { color: var(--link-hover-alt-text-color); }\n.u-custom-color-1 .u-btn,.u-custom-color-2 .u-btn,.u-custom-color-3 .u-btn,.u-custom-color-4 .u-btn,.u-body-color .u-btn,.u-palette-1-base .u-btn,.u-palette-1-dark-3 .u-btn,.u-palette-1-dark-2 .u-btn,.u-palette-1-dark-1 .u-btn,.u-palette-1 .u-btn,.u-palette-1-light-1 .u-btn,.u-palette-2-base .u-btn,.u-palette-2-dark-3 .u-btn,.u-palette-2-dark-2 .u-btn,.u-palette-2-dark-1 .u-btn,.u-palette-2 .u-btn,.u-palette-2-light-1 .u-btn,.u-palette-3-dark-3 .u-btn,.u-palette-3-dark-2 .u-btn,.u-palette-3-dark-1 .u-btn,.u-palette-4-base .u-btn,.u-palette-4-dark-3 .u-btn,.u-palette-4-dark-2 .u-btn,.u-palette-4-dark-1 .u-btn,.u-palette-5-dark-3 .u-btn,.u-palette-5-dark-2 .u-btn,.u-palette-5-dark-1 .u-btn,.u-grey-40 .u-btn,.u-grey-30 .u-btn,.u-grey-90 .u-btn,.u-grey-80 .u-btn,.u-grey-75 .u-btn,.u-black .u-btn,.u-grey-70 .u-btn,.u-grey-60 .u-btn,.u-grey-50 .u-btn,.u-grey-dark-3 .u-btn,.u-grey-dark-2 .u-btn,.u-grey-dark-1 .u-btn,.u-grey .u-btn,.u-shading .u-btn,.u-overlap-contrast .u-header .u-btn { background-color: var(--button-alt-background-color);\ncolor: var(--button-alt-color); }\n.u-custom-color-1 .u-btn:hover,.u-custom-color-2 .u-btn:hover,.u-custom-color-3 .u-btn:hover,.u-custom-color-4 .u-btn:hover,.u-body-color .u-btn:hover,.u-palette-1-base .u-btn:hover,.u-palette-1-dark-3 .u-btn:hover,.u-palette-1-dark-2 .u-btn:hover,.u-palette-1-dark-1 .u-btn:hover,.u-palette-1 .u-btn:hover,.u-palette-1-light-1 .u-btn:hover,.u-palette-2-base .u-btn:hover,.u-palette-2-dark-3 .u-btn:hover,.u-palette-2-dark-2 .u-btn:hover,.u-palette-2-dark-1 .u-btn:hover,.u-palette-2 .u-btn:hover,.u-palette-2-light-1 .u-btn:hover,.u-palette-3-dark-3 .u-btn:hover,.u-palette-3-dark-2 .u-btn:hover,.u-palette-3-dark-1 .u-btn:hover,.u-palette-4-base .u-btn:hover,.u-palette-4-dark-3 .u-btn:hover,.u-palette-4-dark-2 .u-btn:hover,.u-palette-4-dark-1 .u-btn:hover,.u-palette-5-dark-3 .u-btn:hover,.u-palette-5-dark-2 .u-btn:hover,.u-palette-5-dark-1 .u-btn:hover,.u-grey-40 .u-btn:hover,.u-grey-30 .u-btn:hover,.u-grey-90 .u-btn:hover,.u-grey-80 .u-btn:hover,.u-grey-75 .u-btn:hover,.u-black .u-btn:hover,.u-grey-70 .u-btn:hover,.u-grey-60 .u-btn:hover,.u-grey-50 .u-btn:hover,.u-grey-dark-3 .u-btn:hover,.u-grey-dark-2 .u-btn:hover,.u-grey-dark-1 .u-btn:hover,.u-grey .u-btn:hover,.u-shading .u-btn:hover,.u-overlap-contrast .u-header .u-btn:hover { background-color: var(--button-hover-alt-background-color);\ncolor: var(--button-hover-alt-color); }</style><style id=\"font-scheme\" font-scheme=\"Roboto-OpenSans\" heading-font=\"Roboto,sans-serif\" text-font=\"'Open Sans',sans-serif\">.u-body {\n   --text-font: 'Open Sans',sans-serif;\n   --heading-font: Roboto,sans-serif;\n}</style>","appVersion":"2.5.1","isTrial":true}
